fold,best_val_accuracy_percent
0,42.569443
1,48.630951
2,39.35516
3,53.779762
4,46.438492
5,40.823414
6,35.476189
7,32.896824
8,39.831348
9,34.420635
