{
  "config": "cls2_cross_10folds",
  "overall_acc": 0.7139905149051491,
  "fold_acc_mean": 0.7150486111111112,
  "fold_acc_std": 0.04177176232765167,
  "subject_acc_mean": 0.7139905149051491,
  "subject_acc_std": 0.15640818508217672,
  "subject_acc_min": 0.3388888888888889,
  "subject_acc_max": 0.9833333333333333,
  "fold_acc": [
    0.7005787037037037,
    0.7140046296296296,
    0.6570601851851852,
    0.787962962962963,
    0.7425925925925926,
    0.6995370370370371,
    0.6662037037037037,
    0.7516203703703703,
    0.7592592592592593,
    0.6716666666666666
  ],
  "n_subs": 123,
  "n_classes": 2
}