{
  "config": "cls9_intra_10folds",
  "overall_acc": 0.5875241966705381,
  "fold_acc_mean": 0.5875241966705381,
  "fold_acc_std": 0.027055090996405632,
  "subject_acc_mean": 0.587524196670538,
  "subject_acc_std": 0.11062119082056564,
  "subject_acc_min": 0.18333333333333332,
  "subject_acc_max": 0.7880952380952381,
  "fold_acc": [
    0.5240030971738289,
    0.5604916763453349,
    0.5927216415021294,
    0.6128532713898568,
    0.6146922183507549,
    0.6108207510646535,
    0.6056910569105691,
    0.595915602013163,
    0.5844947735191638,
    0.5735578784359272
  ],
  "n_subs": 123,
  "n_classes": 9
}