fold,best_val_accuracy_percent
0,40.267857
1,44.067459
2,37.67857
3,49.811508
4,45.555557
5,42.698414
6,32.569443
7,33.581348
8,39.335316
9,36.420635
