{
  "config": "cls2_cross_10folds_no023",
  "overall_acc": 0.714537795992714,
  "fold_acc_mean": 0.7149156746031746,
  "fold_acc_std": 0.03187102889988877,
  "subject_acc_mean": 0.7145377959927139,
  "subject_acc_std": 0.1599376056725789,
  "subject_acc_min": 0.3263888888888889,
  "subject_acc_max": 0.9888888888888889,
  "fold_acc": [
    0.7006944444444444,
    0.6986111111111111,
    0.6945601851851851,
    0.7679398148148148,
    0.7631944444444444,
    0.6804398148148149,
    0.6775462962962963,
    0.7408564814814815,
    0.7334490740740741,
    0.6918650793650793
  ],
  "n_subs": 122,
  "n_classes": 2
}