{
  "config": "cls9_cross_10folds_no023",
  "overall_acc": 0.39420374707259953,
  "fold_acc_mean": 0.3946201814058957,
  "fold_acc_std": 0.03957910434228304,
  "subject_acc_mean": 0.39420374707259953,
  "subject_acc_std": 0.11879079937090116,
  "subject_acc_min": 0.0011904761904761906,
  "subject_acc_max": 0.6321428571428571,
  "fold_acc": [
    0.4033730158730159,
    0.43452380952380953,
    0.45396825396825397,
    0.42777777777777776,
    0.4396825396825397,
    0.34503968253968254,
    0.3593253968253968,
    0.36408730158730157,
    0.3492063492063492,
    0.36921768707482994
  ],
  "n_subs": 122,
  "n_classes": 9
}