{
  "config": "cls2_intra_10folds",
  "overall_acc": 0.8161585365853659,
  "fold_acc_mean": 0.8161585365853657,
  "fold_acc_std": 0.016038258770846157,
  "subject_acc_mean": 0.8161585365853659,
  "subject_acc_std": 0.10761162391709371,
  "subject_acc_min": 0.4722222222222222,
  "subject_acc_max": 0.9819444444444444,
  "fold_acc": [
    0.7822944896115628,
    0.7956187895212286,
    0.8080397470641373,
    0.8127822944896116,
    0.815943992773261,
    0.8266711833785004,
    0.8313008130081301,
    0.8341237579042458,
    0.8297199638663053,
    0.8250903342366757
  ],
  "n_subs": 123,
  "n_classes": 2
}