{
  "config": "cls2_intra_10folds_no023",
  "overall_acc": 0.8168488160291439,
  "fold_acc_mean": 0.8168488160291438,
  "fold_acc_std": 0.01526840955080936,
  "subject_acc_mean": 0.8168488160291438,
  "subject_acc_std": 0.10803004912045433,
  "subject_acc_min": 0.4875,
  "subject_acc_max": 0.9833333333333333,
  "fold_acc": [
    0.7844945355191257,
    0.7962204007285975,
    0.808287795992714,
    0.8165983606557377,
    0.8170537340619308,
    0.8270719489981785,
    0.831056466302368,
    0.832308743169399,
    0.8292349726775956,
    0.8261612021857924
  ],
  "n_subs": 122,
  "n_classes": 2
}