{
  "run_root": "runs/variants/clisa_447_seq_paperpre_mlp128/published",
  "feature_dir": "runs/variants/clisa_447_seq_paperpre_mlp128/published/paper_pretrain_extract/data/ext_fea/fea_r1",
  "checkpoint_dir": "runs/variants/clisa_447_seq_paperpre_mlp128/published/checkpoints",
  "mlp_log": "runs/variants/clisa_447_seq_paperpre_mlp128/published/stage_logs/mlp.log",
  "mode": "de",
  "fold_scores": {
    "0": 39.325397,
    "1": 45.972221,
    "2": 39.097221,
    "3": 51.418652,
    "4": 48.452381,
    "5": 39.900795,
    "6": 36.061508,
    "7": 34.831348,
    "8": 37.083332,
    "9": 33.801586
  },
  "fold_mean_accuracy_percent": 40.5944441,
  "fold_std_accuracy_percent": 5.695577720390803,
  "overall_accuracy_percent": 40.42876500193574,
  "mean_subject_accuracy_percent": 40.42876500193574,
  "std_subject_accuracy_percent": 13.429271396302926,
  "n_predictions": 103320
}