fold,best_val_accuracy_percent
0,39.325397
1,45.972221
2,39.097221
3,51.418652
4,48.452381
5,39.900795
6,36.061508
7,34.831348
8,37.083332
9,33.801586
