{
  "config": "cls9_cross_10folds",
  "overall_acc": 0.3942508710801394,
  "fold_acc_mean": 0.3949345238095238,
  "fold_acc_std": 0.033846099815113606,
  "subject_acc_mean": 0.3942508710801394,
  "subject_acc_std": 0.11977792903577124,
  "subject_acc_min": 0.047619047619047616,
  "subject_acc_max": 0.6333333333333333,
  "fold_acc": [
    0.410515873015873,
    0.41517857142857145,
    0.43918650793650793,
    0.4413690476190476,
    0.4299603174603175,
    0.35753968253968255,
    0.3517857142857143,
    0.37103174603174605,
    0.36587301587301585,
    0.3669047619047619
  ],
  "n_subs": 123,
  "n_classes": 9
}