fold,best_val_accuracy_percent
0,42.777779
1,45.307541
2,38.432541
3,49.751984
4,46.07143
5,40.78373
6,34.206348
7,35.64484
8,37.787697
9,33.817459
