{
  "run_root": "runs/variants/clisa_447_seq_paperpre_mlp30_wd0011/published",
  "feature_dir": "runs/variants/clisa_447_seq_paperpre_mlp128/published/paper_pretrain_extract/data/ext_fea/fea_r1",
  "checkpoint_dir": "runs/variants/clisa_447_seq_paperpre_mlp30_wd0011/published/checkpoints",
  "mlp_log": "runs/variants/clisa_447_seq_paperpre_mlp30_wd0011/published/stage_logs/mlp.log",
  "mode": "de",
  "fold_scores": {
    "0": 42.777779,
    "1": 45.307541,
    "2": 38.432541,
    "3": 49.751984,
    "4": 46.07143,
    "5": 40.78373,
    "6": 34.206348,
    "7": 35.64484,
    "8": 37.787697,
    "9": 33.817459
  },
  "fold_mean_accuracy_percent": 40.45813489999999,
  "fold_std_accuracy_percent": 5.142700713511072,
  "overall_accuracy_percent": 40.29616724738676,
  "mean_subject_accuracy_percent": 40.29616724738676,
  "std_subject_accuracy_percent": 12.398309383561205,
  "n_predictions": 103320
}