{
  "config": "cls9_intra_10folds_no023",
  "overall_acc": 0.5895686963309914,
  "fold_acc_mean": 0.5895686963309914,
  "fold_acc_std": 0.02663632196985586,
  "subject_acc_mean": 0.5895686963309914,
  "subject_acc_std": 0.10568672381930272,
  "subject_acc_min": 0.22380952380952382,
  "subject_acc_max": 0.7916666666666666,
  "fold_acc": [
    0.5263466042154566,
    0.5634270101483216,
    0.5954332552693209,
    0.6130952380952381,
    0.614656518345043,
    0.6124121779859485,
    0.6090944574551131,
    0.5992388758782201,
    0.5861631537861046,
    0.5758196721311475
  ],
  "n_subs": 122,
  "n_classes": 9
}